"pathway_id","pathway_name","p_value_adjust","mapped_id"
"hsa00052","Galactose metabolism",2.9707674166278e-12,"C00031;C00116;C00159;C00095;C00267;C00984;C00124;C05401;C00492;C05404;C01613"
"hsa00051","Fructose and mannose metabolism",6.6089166191055e-07,"C00159;C00095;C00267;C00424;C02991;C01934;C20781;C03979"
"hsa02010","ABC transporters",0.00076591650885745,"C00114;C00031;C00116;C00159;C00095;C00492;C01835;C00919"
"hsa04973","Carbohydrate digestion and absorption",0.00359874502287888,"C00031;C00095;C00124;C01835"
