"pathway_id","pathway_name","p_value_adjust","mapped_id"
"hsa00140","Steroid hormone biosynthesis",2.15575555655478e-43,"C03205;C00410;C01780;C05474;C05485;C01124;C05497;C02140;C05498;C18040;C18041;C03681;C05476;C05478;C05480;C05475;C13713;C13712;C04042;C18042;C05484;C05483;C05477;C03747;C05473;C18039;C05490;C05479"
"hsa04925","Aldosterone synthesis and secretion",7.68425082433627e-05,"C03205;C00410;C01780;C01124;C02140"
