"pathway_id","pathway_name","p_value_adjust","mapped_id"
"hsa00040","Pentose and glucuronate interconversions",1.79732890554835e-26,"C00474;C00508;C00259;C00379;C00181;C00310;C02753;C00312;C03826;C01904;C00216;C00618;C00532;C00502;C00309;C00476;C02266;C01508"
"hsa00053","Ascorbate and aldarate metabolism",6.52354969179617e-09,"C00878;C00545;C01114;C00259;C03826;C00652;C00216;C00618;C00684"
