"pathway_id","pathway_name","p_value_adjust","mapped_id"
"hsa00830","Retinol metabolism",2.19335797277252e-09,"C02110;C00376;C00777;C16681;C16679;C16680;C15493;C11061"
"hsa00650","Butanoate metabolism",8.86020633317186e-06,"C00232;C00042;C00989;C00164;C01089;C02630;C17530"
"hsa00310","Lysine degradation",0.00422044283698953,"C03196;C00042;C00164;C05548;C03087"
"hsa04672","Intestinal immune network for IgA production",0.00468195334872562,"C00777;C15493"
"hsa05222","Small cell lung cancer",0.0111787171614285,"C00777;C15493"
"hsa05226","Gastric cancer",0.0185351172961322,"C00777;C15493"
"hsa00220","Arginine biosynthesis",0.0327826979889501,"C15532;C01250;C00437"
"hsa05223","Non-small cell lung cancer",0.034396067689714,"C00777;C15493"
