"pathway_id","pathway_name","p_value_adjust","mapped_id"
"hsa00140","Steroid hormone biosynthesis",3.63633472093998e-27,"C00951;C00535;C05302;C18075;C05141;C05293;C05284;C11134;C05300;C05301;C05503;C05504;C05291;C05294;C03935;C08359;C05296;C05295;C08357"
"hsa04913","Ovarian steroidogenesis",0.00108775284096323,"C00951;C00535;C05301;C14209"
